 Visibility,Dataset_Feature_Points(X),Dataset_Feature_Points(Y),Dataset_Feature_Points(Z),Accuracy,Column1
V1,0.5847771,0.80479485,-0.75798166,0.92,
V2,0.46488828,0.754330338,-2.5358,0.98,
V3,0.488323,0.752826572,-2.5357,0.96,
V4,0.58849366,0.7528,-2.53623,0.97,
V5,0.3779716,0.755428185,-2.5357,0.95,
V6,0.355084,0.765428185,-2.53246888,0.98,
V7,0.3366,0.766153216,-2.53277,0.92,
V8,3.1939964,-0.4130899,0.000882154,0.92,
,,,,,
,0.421845764,0.851779161,-2.5,0.99,
